{
    "results": {
        "tool": {
            "name": "pytest",
            "version": "8.4.1"
        },
        "summary": {
            "tests": 2,
            "passed": 2,
            "failed": 0,
            "skipped": 0,
            "pending": 0,
            "other": 0,
            "start": 1783451224.7008905,
            "stop": 1783451224.7085204
        },
        "tests": [
            {
                "name": "test_outputs.py::test_report_exists",
                "status": "passed",
                "duration": 0.00034812500007319613,
                "start": 1783451224.707387,
                "stop": 1783451224.7078707,
                "retries": 0,
                "file_path": "test_outputs.py"
            },
            {
                "name": "test_outputs.py::test_report_nonempty",
                "status": "passed",
                "duration": 0.00034866700002567086,
                "start": 1783451224.7079506,
                "stop": 1783451224.7084007,
                "retries": 0,
                "file_path": "test_outputs.py"
            }
        ]
    }
}